{
  "total_projects": 7383,
  "total_contractors": 2013,
  "total_provinces": 84,
  "global_avg_delay": 260.95313558174183,
  "total_savings": 3679075534.2399983
}